param_tfidf__ngram_range,param_tfidf__min_df,param_tfidf__max_df,param_svm__C,mean_train_macro_f1,std_train_macro_f1,mean_test_macro_f1,std_test_macro_f1,mean_test_accuracy,mean_test_macro_precision,mean_test_macro_recall,mean_test_weighted_f1,train_cv_gap,mean_fit_time,std_fit_time,rank_test_macro_f1
"(1, 2)",5,0.95,5.0,1.0,0.0,0.9173586221284099,0.004895981235452645,0.9173312402870882,0.9179274875138856,0.9180887027067287,0.9167395680977395,0.0826413778715901,21.056479120254515,0.9867031948543927,1
"(1, 2)",5,1.0,5.0,1.0,0.0,0.9172054506240336,0.004141462735982159,0.9171865224867988,0.9177965969490878,0.9179395142211458,0.9165933798822984,0.08279454937596642,18.78461060523987,0.4862611074530513,2
"(1, 2)",3,0.95,5.0,1.0,0.0,0.9171818034803699,0.004867752611353609,0.9171865224867988,0.9177572330860222,0.9179227061922873,0.9165782562614645,0.08281819651963007,24.2070152759552,2.4729991281198136,3
"(1, 2)",5,0.9,5.0,1.0,0.0,0.9170841304176264,0.003940427446667506,0.9170415951024395,0.9176861323369259,0.9177613726509696,0.9164735659241584,0.08291586958237362,22.247674465179443,1.4160101913745027,4
"(1, 2)",3,0.9,5.0,1.0,0.0,0.9168961571794345,0.0043723478691079,0.9168967725101151,0.9174921114709766,0.9176102451842107,0.9162963607370429,0.08310384282056549,20.169401025772096,0.35264005420094235,5
"(1, 2)",2,0.95,5.0,1.0,0.0,0.9168952827500227,0.004806339840177237,0.9168968773021501,0.9175236368900672,0.9176049053913404,0.9163006461431904,0.08310471724997726,22.76348524093628,1.072213644138068,6
"(1, 2)",2,1.0,5.0,1.0,0.0,0.9168900414125385,0.004668541904639475,0.9168968773021501,0.9174858670236606,0.9176223013314386,0.9162905483192011,0.08310995858746151,21.455042362213135,1.9654304993739389,7
"(1, 2)",2,0.9,5.0,1.0,0.0,0.9166052348399152,0.0041580544101246925,0.9166072321175012,0.9171949371198538,0.9173248713819829,0.9160066571020931,0.08339476516008482,20.358137989044188,0.22569593064885413,8
"(1, 2)",3,1.0,5.0,1.0,0.0,0.9166039954981811,0.004983848960124419,0.916607441701571,0.9172196317220882,0.9173214160954022,0.9160062269812489,0.08339600450181894,21.22731590270996,0.3889680972135255,9
"(1, 2)",3,0.95,2.0,1.0,0.0,0.9152253812484394,0.004557151552696269,0.9153040383706514,0.9157667775821727,0.9159801189376514,0.914708120720654,0.08477461875156056,20.753343200683595,2.2185028354658205,10
"(1, 2)",3,1.0,2.0,1.0,0.0,0.9152247802353577,0.004738815789934659,0.9153040383706517,0.9157475566766149,0.915974166556699,0.9147041875189477,0.0847752197646423,21.10857696533203,1.5325498977978258,11
"(1, 2)",5,0.9,2.0,1.0,0.0,0.9150975913384667,0.00484367505132962,0.9151593205703621,0.9156098713766749,0.9158443030854834,0.9145518735562096,0.08490240866153331,20.78174591064453,0.6903178141997983,12
"(1, 2)",5,0.95,2.0,1.0,0.0,0.9149403581587336,0.004486446526047923,0.9150144979780377,0.9154481471893886,0.9157058843187466,0.9144307764866262,0.08505964184126635,19.46576371192932,1.2138950150115013,13
"(1, 2)",5,1.0,2.0,1.0,0.0,0.9147485306188756,0.004498206927218493,0.9148696753857134,0.9152787119725392,0.9155375603261687,0.9142413486835919,0.08525146938112438,20.893969917297362,1.0376611335097579,14
"(1, 2)",2,0.9,2.0,1.0,0.0,0.9146595509493339,0.004635164100374848,0.914724852793389,0.9152610227473608,0.9154148016658761,0.9141062844822884,0.08534044905066607,22.0647310256958,1.507040162774309,15
"(1, 2)",2,1.0,2.0,1.0,0.0,0.9146183426365324,0.004301620108236695,0.914724852793389,0.9151329321854039,0.9153992125628209,0.914102922093508,0.08538165736346759,20.18274908065796,0.8731843790097659,16
"(1, 2)",2,0.95,2.0,1.0,0.0,0.9146078175230696,0.004610723128749894,0.9147247480013541,0.9151571864992405,0.9154135421248529,0.9140864094978796,0.08539218247693037,18.524755334854127,0.5316749061540413,17
"(1, 2)",3,0.9,2.0,1.0,0.0,0.9142217211962343,0.004606496323540527,0.9142905946004856,0.9147906408607446,0.9149912175783591,0.9136627273187383,0.08577827880376565,22.51952772140503,1.1457048747229037,18
"(1, 2)",3,0.9,1.0,0.999308007780716,0.00010749903651186693,0.9116143780252971,0.005728352354440858,0.9118295536592853,0.9123249742028119,0.9124902564005509,0.9111092756340715,0.08769362975541894,19.6956506729126,0.9164451961084076,19
"(1, 2)",2,1.0,1.0,0.9993423519836344,6.714446692606855e-05,0.9116001044724067,0.0058339770680466965,0.9118296584513205,0.9122800172715404,0.9125048595939986,0.9110926069522515,0.08774224751122772,18.56941728591919,0.3020894436201496,20
"(1, 2)",5,0.9,1.0,0.999308007780716,0.00010749903651186693,0.9114820444654275,0.005982406004581894,0.9116848358589961,0.912145094286241,0.9123743605602679,0.9109588056858662,0.08782596331528858,19.419784688949584,0.8646490365551464,21
"(1, 2)",3,1.0,1.0,0.9993423519836344,6.714446692606855e-05,0.911439806557887,0.005770545015338175,0.9116848358589961,0.9121097961347834,0.9123619738768556,0.9109323621767068,0.08790254542574738,19.014625692367552,0.39394247157907486,22
"(1, 2)",2,0.9,1.0,0.999308007780716,0.00010749903651186693,0.9113417379141657,0.005630576950939231,0.9115400132666716,0.9120705249183156,0.9122219741625983,0.9108185999426203,0.08796626986655032,18.5468656539917,0.48600262649503023,23
"(1, 2)",5,1.0,1.0,0.9993061904228515,0.00011041671522164219,0.9113403307592455,0.006087391067185568,0.9115401180587066,0.9120116313126141,0.912232498862205,0.91081758809165,0.08796585966360604,19.259842109680175,0.5317305737951522,24
"(1, 2)",3,0.95,1.0,0.9993423519836344,6.714446692606855e-05,0.9113282345703547,0.006005750488880329,0.9115401180587066,0.9120229749191182,0.9122219741625983,0.9108122672681851,0.08801411741327969,18.815671491622926,0.4840901347243999,25
"(1, 2)",2,0.95,1.0,0.999308007780716,0.00010749903651186693,0.9113282345703547,0.006005750488880329,0.9115401180587066,0.9120229749191182,0.9122219741625983,0.9108122672681851,0.08797977321036132,19.650251865386963,1.6669250935838884,25
"(1, 2)",5,0.95,1.0,0.9993423519836344,6.714446692606855e-05,0.9110268102348419,0.005788951524088529,0.9112505776660929,0.911687655020286,0.9119457605574104,0.9105059438965029,0.08831554174879253,19.550101280212402,1.0927000564408487,27
"(1, 2)",5,0.9,0.5,0.9979914223691395,0.0005281831873680501,0.9082893914322139,0.005441498503219145,0.9086441901723934,0.9091630292584313,0.9093626043281875,0.9077434455436793,0.08970203093692564,18.50036883354187,0.7471881421367192,28
"(1, 2)",5,0.95,0.5,0.9979553473330645,0.00047998410838125555,0.9080990891955242,0.00541309267434347,0.908499472372104,0.9089657398749443,0.9092052979316533,0.9075879078251388,0.08985625813754028,18.645671796798705,1.428169950943737,29
"(1, 2)",2,1.0,0.5,0.9979162578988188,0.0004352978171393707,0.9079777546893318,0.005268771946864958,0.9083545449877446,0.9088751374256887,0.90905743293036,0.907455314554069,0.08993850320948693,17.952783346176147,0.16992848654817555,30
"(1, 2)",5,1.0,0.5,0.9979522875005568,0.0003879654730041393,0.9076854394004032,0.005088186016982005,0.9080651093871657,0.9085586175021488,0.9087728756973084,0.9071697490246164,0.09026684810015351,18.7085741519928,0.9132509485068244,31
"(1, 2)",3,0.9,0.5,0.9979523329348938,0.00047623072425187523,0.9076634149268274,0.004885455208379396,0.9080648998030958,0.9085448221953214,0.9087649863241054,0.9071438885466934,0.09028891800806638,18.06413154602051,1.1354387740392542,32
"(1, 2)",2,0.9,0.5,0.9979914223691395,0.0005281831873680501,0.9075461832867402,0.004842524131233465,0.9079199724187363,0.9084064079589937,0.9086333159694598,0.9070127011321988,0.09044523908239932,18.48950786590576,1.28228833282569,33
"(1, 2)",2,0.95,0.5,0.9979553473330645,0.00038429981231150647,0.9075330338401958,0.004927542158719029,0.9079201820028064,0.9084052549721507,0.9086345453136697,0.9070025694540108,0.09042231349286867,17.392348718643188,0.5929690490166628,34
"(1, 2)",3,0.95,0.5,0.9979162578988188,0.0004352978171393707,0.9075229571713062,0.004769744726624828,0.9079201820028062,0.9084192904802866,0.9086396656413708,0.9069961263841531,0.09039330072751262,19.19637656211853,1.3701902772067673,35
"(1, 2)",3,1.0,0.5,0.9979523329348938,0.00047623072425187523,0.9070901765246345,0.0049982519174539075,0.9074857142258331,0.9079658059389043,0.908178577796152,0.9065849492335548,0.0908621564102593,19.887232971191406,3.728991262324374,36
"(1, 1)",3,1.0,1.0,0.9979980013346049,0.0005071991348727764,0.9014742308176851,0.005885473637049744,0.9015501885732669,0.9021078509328738,0.9023948088550565,0.9007373920522221,0.09652377051691985,5.586868524551392,0.4399505510109934,37
"(1, 1)",3,0.95,1.0,0.9979980013346049,0.0005071991348727764,0.9010357464496901,0.005820943682907779,0.9011159303803637,0.9016402401907145,0.9019517788377691,0.9002998967644376,0.09696225488491483,6.1655529022216795,0.9652661973249723,38
"(1, 1)",2,1.0,1.0,0.9981466325798156,0.0004212495236508056,0.9010051310659636,0.005523670865184601,0.9011157207962937,0.9015606363217199,0.9019618208250442,0.9002920504945238,0.09714150151385204,6.054979705810547,0.24682302681854354,39
"(1, 1)",2,0.95,1.0,0.9981466325798156,0.0004212495236508056,0.9008987967555726,0.006207649735949309,0.9009711077880393,0.9014698544577406,0.9018422787320377,0.9001628889142111,0.09724783582424301,5.535011196136475,0.2032662016726872,40
"(1, 1)",5,0.95,1.0,0.9978192982961268,0.0004910570230160683,0.9007739167577469,0.005278407202099515,0.9008262851957148,0.9014263842479309,0.9016695239228902,0.9000251191762632,0.09704538153837994,5.297555303573608,0.17708964745789021,41
"(1, 1)",5,1.0,1.0,0.9978192982961268,0.0004910570230160683,0.900468891486838,0.005262665501104657,0.9005368495951359,0.9011434622877399,0.9013780728643441,0.8997190183075162,0.09735040680928886,5.295196008682251,0.15237023479694348,42
"(1, 1)",5,1.0,2.0,0.9994467351490869,0.00012837191611990504,0.9003036856142461,0.0049216762691869816,0.9002470996184522,0.9009961088771619,0.9011244675699654,0.8995236971426122,0.09914304953484077,6.332334041595459,0.7142030316231134,43
"(1, 1)",5,0.95,2.0,0.9994467351490869,0.00012837191611990504,0.9001665848352761,0.004903982724830002,0.9001023818181627,0.900833295179658,0.9009830248542652,0.8993800420939728,0.09928015031381077,5.584984493255615,0.526865982607522,44
"(1, 1)",2,0.9,1.0,0.9980753186868991,0.0004169493628480579,0.899855260249379,0.005020845850567701,0.8999574544338034,0.9004569583540503,0.9007927023794947,0.8991364324100527,0.09822005843752013,5.387106418609619,0.34327348435229416,45
"(1, 1)",2,1.0,2.0,0.9995841719786942,8.408184272223554e-05,0.8996566307433065,0.004887646386514965,0.8996678092491546,0.9001679019149588,0.900549991828869,0.8988987528990571,0.09992754123538772,5.776912117004395,0.6411084629576049,46
"(1, 1)",3,0.95,2.0,0.9995156037575652,0.00012851712070688508,0.899566943544061,0.004517868793352719,0.8995234058249701,0.9002430852117784,0.9003336537100554,0.8988209891789358,0.09994866021350424,4.99980936050415,0.10711502526107855,47
"(1, 1)",3,0.9,1.0,0.9979640724401527,0.0005466344751415066,0.8995579038675547,0.00494691080853879,0.8996677044571196,0.9001541020724237,0.9005326403810887,0.8987996351273665,0.09840616857259799,5.4333083152771,0.38603675756174766,48
"(1, 1)",3,1.0,2.0,0.9995156037575652,0.00012851712070688508,0.8995216956646395,0.00484494860314712,0.8995233010329351,0.9001784061495431,0.9003452262958852,0.8987732700900212,0.09999390809292574,6.485697078704834,0.8583253406396946,49
"(1, 1)",2,0.95,2.0,0.9995841719786942,8.408184272223554e-05,0.8995194531252444,0.004506182456630282,0.8995229866568302,0.9000597197931647,0.900391261670139,0.8987686243130331,0.10006471885344981,6.271712970733643,0.4270019355676894,50
"(1, 1)",5,0.9,1.0,0.9976412434418217,0.0005255829138539474,0.898923818149447,0.005269935483594995,0.8989440106636375,0.8995653664492442,0.8998228632350319,0.898154027121285,0.0987174252923747,6.187054443359375,0.819336305879447,51
"(1, 1)",5,0.9,2.0,0.9994467351490869,0.00012837191611990504,0.8988408121853203,0.004394535043764438,0.8987987689031731,0.8995848859210371,0.8996401766718677,0.8980717869948546,0.10060592296376658,7.118109512329101,0.21190698572368097,52
"(1, 1)",2,0.9,2.0,0.9995505302828176,0.00017603868623289627,0.8986873995745703,0.003688027615891483,0.8986540511028839,0.8992849148885641,0.8995498989644382,0.8979028543254618,0.10086313070824726,5.884483098983765,0.5551253165374062,53
"(1, 1)",3,0.9,2.0,0.9994467351490869,0.00012837191611990504,0.8986229713350374,0.005002276979212784,0.8986546798550936,0.8992953318620994,0.8994890838252786,0.8978727973422818,0.10082376381404945,5.947872352600098,0.5898015013025967,54
"(1, 1)",3,1.0,5.0,1.0,0.0,0.898053502288762,0.004178456890802826,0.8979304621014366,0.8987642044140047,0.898785427599619,0.897248145880854,0.10194649771123798,6.6170796871185305,0.7322222321523707,55
"(1, 1)",2,1.0,5.0,1.0,0.0,0.8979467209010858,0.004317140903289516,0.897786058677252,0.8985436391740059,0.8986443509127513,0.8971479040618897,0.10205327909891415,6.829256582260132,0.6653403373526237,56
"(1, 1)",3,0.95,5.0,1.0,0.0,0.8978850623257115,0.004858040418475713,0.8977857443011471,0.8985901028161785,0.8986428733718161,0.8970784098694002,0.10211493767428848,6.807393407821655,0.21888214762075306,57
"(1, 1)",5,1.0,0.5,0.9914618987149157,0.0005770758960804137,0.8978415401301649,0.006376702220126177,0.898075494277831,0.8984192072076553,0.8989146184825207,0.8971603263008046,0.09362035858475082,5.535009860992432,0.8259582440066328,58
"(1, 1)",5,0.95,0.5,0.9915333353174386,0.0006502558721084595,0.8977109524644252,0.005885570265678621,0.8979306716855066,0.8983050234351625,0.8987433931433099,0.8970342624759879,0.09382238285301336,5.06052827835083,0.17902766313928664,59
"(1, 1)",2,0.95,5.0,1.0,0.0,0.8975215754137036,0.004372634188719773,0.8973516956923138,0.898168072032357,0.8982113630075468,0.896713998749167,0.10247842458629641,6.71060848236084,0.44176486314103136,60
"(1, 1)",5,0.95,5.0,1.0,0.0,0.8973026509462242,0.004048827562624747,0.8972058251796398,0.8980352423374871,0.8980246123378729,0.8965229967921637,0.10269734905377581,6.723131370544434,0.11949040502882334,61
"(1, 1)",5,1.0,5.0,1.0,0.0,0.8971849398885254,0.0045324200090164,0.8970611073793503,0.8979175538235811,0.8979124348164687,0.8963809303439284,0.10281506011147457,7.6760800838470455,1.3444029494546736,62
"(1, 1)",2,0.95,0.5,0.993184585262239,0.00035234178687541026,0.8971584865227701,0.005065572687340094,0.897351276524174,0.8978085975493885,0.8982455092699404,0.896424121852052,0.09602609873946888,5.874158430099487,0.7135698850988454,63
"(1, 1)",3,0.95,0.5,0.9925963924364536,0.0004200726018501937,0.8970215550021697,0.0055856213861599485,0.8972065587238844,0.8977597185839141,0.8980227971110628,0.8963287681420165,0.09557483743428385,4.779001665115357,0.025917443185084852,64
"(1, 1)",2,1.0,0.5,0.993184585262239,0.00035234178687541026,0.8968750182262651,0.005397621133555373,0.8970616313395251,0.8975448437385882,0.8979747079499413,0.8961343240531073,0.09630956703597382,5.040896654129028,0.0781324294992941,65
"(1, 1)",5,0.9,5.0,1.0,0.0,0.8968648546939901,0.0038900557817564112,0.8967716717787715,0.8976075300055877,0.8975605739387078,0.8961140934804824,0.10313514530600987,6.659421777725219,0.3707232942071205,66
"(1, 1)",5,0.9,0.5,0.9913937643118412,0.0007030166231913983,0.8965349959413343,0.005831564732803298,0.8967721957389463,0.8971161882032682,0.8976207261722212,0.8958331149130861,0.09485876837050689,5.673157262802124,0.5586867282027184,67
"(1, 1)",3,1.0,0.5,0.9925963924364536,0.0004200726018501937,0.8964003197774773,0.006425518835061559,0.8966276875227267,0.8970562214193967,0.8974631825930348,0.8957093276646937,0.09619607265897634,6.231626653671265,1.5371086040864557,68
"(1, 1)",3,0.9,5.0,1.0,0.0,0.8960760765069834,0.005397823717767577,0.8959032601849998,0.8968201788668949,0.89672857992351,0.8952782090817063,0.1039239234930166,6.873610544204712,0.630734157881052,69
"(1, 1)",2,0.9,0.5,0.9932557508156996,0.0002930211299007017,0.8958328128437975,0.005560909626439513,0.8960482923613942,0.8964529582335619,0.896932620572184,0.895093716399469,0.09742293797190216,4.746966552734375,0.22681850279776913,70
"(1, 1)",2,0.9,5.0,1.0,0.0,0.8955503239881935,0.004988355519921813,0.8953245985679121,0.8962072217676418,0.8962413407806917,0.8946846401480683,0.10444967601180655,6.390756893157959,0.49283018656371963,71
"(1, 1)",3,0.9,0.5,0.9925274971960215,0.0005005811495549553,0.8952867569641301,0.005447285182016213,0.895614034168491,0.8959776512624014,0.8964360286358556,0.8946094341672856,0.09724074023189144,5.4194234848022464,0.6318946354391687,72
"(1, 2)",2,0.9,0.1,0.9630357833683707,0.0014488731758387286,0.8813606333067335,0.005215840495179038,0.8830176123973169,0.8840369427971956,0.883823286738193,0.8807881305702001,0.08167515006163717,17.550539875030516,0.6377145884752539,73
"(1, 2)",5,1.0,0.1,0.9629229011132378,0.00116914943656437,0.8812673779895691,0.005625550503614499,0.8828729993890624,0.8840670531280288,0.8837243343850091,0.8806689467298507,0.08165552312366864,17.128860807418825,0.6546030762638166,74
"(1, 2)",3,0.9,0.1,0.9629574846258073,0.0013162767567523256,0.8811975030127422,0.00530911720547754,0.8828728945970274,0.883886763036107,0.8836789865938929,0.8806245281190627,0.08175998161306508,17.60045223236084,0.5998666108359684,75
"(1, 2)",3,1.0,0.1,0.9629217434492311,0.0012404924674892259,0.8811047447522824,0.004936114565519472,0.882728176796738,0.8838706058337615,0.8835910663057763,0.8805001203087593,0.0818169986969487,17.59130024909973,1.153792295324297,76
"(1, 2)",2,1.0,0.1,0.962956845878435,0.001208373620127152,0.8810628200979679,0.005237601795114119,0.8827280720047032,0.8838549913332854,0.883567107036534,0.8804719788622408,0.08189402578046712,16.76144986152649,0.4433826095928642,77
"(1, 2)",5,0.9,0.1,0.9630336221634461,0.0013844701478946536,0.8810603001233958,0.005303773398118096,0.882728176796738,0.8837664352608238,0.8835317111888855,0.8804872922808373,0.08197332204005037,18.326538705825804,0.20133696848616092,78
"(1, 2)",5,0.95,0.1,0.9630331505764632,0.001301059517709427,0.8809323073037391,0.0053842430486217546,0.8825834589964485,0.8837642015556637,0.8834342616459567,0.8803328813335073,0.08210084327272416,16.85459327697754,0.4424957864378002,79
"(1, 2)",3,0.95,0.1,0.9630046152018112,0.0013012364358559222,0.8807669307982593,0.005323009127405823,0.8824386364041242,0.8835076614405966,0.883288036002746,0.8801698144006579,0.08223768440355195,16.779617166519166,0.5464342586776626,80
"(1, 2)",2,0.95,0.1,0.9628887757830498,0.0012406226920511718,0.8807658868431979,0.005096461208409172,0.8824385316120893,0.8835504949738864,0.8832785067479337,0.880171582484562,0.08212288893985187,17.235937547683715,0.7494607685198336,81
"(1, 1)",5,0.95,0.1,0.9364412748588412,0.0015509142918500082,0.8741376747041052,0.006549072051697803,0.8760690621427246,0.8772261754197703,0.8770276738257697,0.8734069098061893,0.062303600154736016,4.516024446487426,0.18110121604740592,82
"(1, 1)",3,0.95,0.1,0.9375060022173498,0.0015245977818257148,0.8740248722347467,0.005481124171961976,0.8759239251742954,0.8773345345189396,0.8768665090900847,0.8732925469695051,0.06348112998260313,4.783019733428955,0.5270544131099746,83
"(1, 1)",3,0.9,0.1,0.9377483395503171,0.0012727711324996473,0.8737288809664678,0.005866610213399526,0.8756344895737165,0.8771226976307774,0.8765898627934051,0.8729932615275423,0.06401945858384928,4.712894105911255,0.14651846623110074,84
"(1, 1)",5,1.0,0.1,0.9364414548028265,0.001533607223581044,0.8737143362796773,0.0067862591933889925,0.8756348039498214,0.8768330657532608,0.8765929980273629,0.8729827279736604,0.06272711852314916,4.635585308074951,0.3816545916191245,85
"(1, 1)",3,1.0,0.1,0.937362867142201,0.0013699436127248366,0.8734292812977795,0.0056015421479684606,0.8753448443890676,0.8766730354060488,0.8762612544569033,0.8727207913644467,0.06393358584442144,4.570522785186768,0.11867146205830745,86
"(1, 1)",2,1.0,0.1,0.9387078503592685,0.0016973681551999918,0.8733171454889291,0.005505209917601923,0.8751999170047083,0.876614798236151,0.8761210914827146,0.8725974893238628,0.06539070487033938,4.614551401138305,0.2851550711571409,87
"(1, 1)",2,0.95,0.1,0.9386372042559975,0.001695801100310277,0.8733139696209518,0.0051372597878505104,0.8751998122126734,0.8767323649151821,0.8761233450467765,0.8725908605719004,0.06532323463504575,4.651979923248291,0.30546461769413585,88
"(1, 1)",5,0.9,0.1,0.9367639886156567,0.0013962033582553218,0.8733071885904756,0.006384083277461389,0.8752004409648831,0.876489197744629,0.8761604807156965,0.8725833200622596,0.06345680002518106,5.073288488388061,0.5470583566507112,89
"(1, 1)",2,0.9,0.1,0.939140526696824,0.0015925692000365946,0.8730138036614399,0.005669273966202851,0.8749105861961644,0.876390181882478,0.8758411152918615,0.8722835627819607,0.06612672303538414,4.315362787246704,0.08028179249082486,90
